101101;a@a.com.br
105105;a@a.com.br
108108;a@a.com.br
109109;a@a.com.br
114114;a@a.com.br
120120;a@a.com.br
121121;a@a.com.br
126126;a@a.com.br
127127;a@a.com.br
134134;a@a.com.br
135135;a@a.com.br
139139;a@a.com.br
145145;a@a.com.br
148148;a@a.com.br
155155;a@a.com.br
159159;a@a.com.br
161161;a@a.com.br
168168;a@a.com.br
171171;a@a.com.br
178178;a@a.com.br
184184;a@a.com.br
191191;a@a.com.br
198198;a@a.com.br
203203;a@a.com.br
207207;a@a.com.br
213213;a@a.com.br
219219;a@a.com.br
226226;a@a.com.br
227227;a@a.com.br
230230;a@a.com.br
235235;a@a.com.br
239239;a@a.com.br
243243;a@a.com.br
250250;a@a.com.br
254254;a@a.com.br
255255;a@a.com.br
260260;a@a.com.br
261261;a@a.com.br
263263;a@a.com.br
269269;a@a.com.br
276276;a@a.com.br
283283;a@a.com.br
287287;a@a.com.br
291291;a@a.com.br
296296;a@a.com.br
300300;a@a.com.br
303303;a@a.com.br
308308;a@a.com.br
312312;a@a.com.br
317317;a@a.com.br
323323;a@a.com.br
328328;a@a.com.br
329329;a@a.com.br
330330;a@a.com.br
331331;a@a.com.br
338338;a@a.com.br
344344;a@a.com.br
349349;a@a.com.br
352352;a@a.com.br
357357;a@a.com.br
359359;a@a.com.br
364364;a@a.com.br
370370;a@a.com.br
376376;a@a.com.br
377377;a@a.com.br
380380;a@a.com.br
386386;a@a.com.br
389389;a@a.com.br
393393;a@a.com.br
397397;a@a.com.br
400400;a@a.com.br
401401;a@a.com.br
402402;a@a.com.br
408408;a@a.com.br
414414;a@a.com.br
415415;a@a.com.br
418418;a@a.com.br
425425;a@a.com.br
427427;a@a.com.br
429429;a@a.com.br
435435;a@a.com.br
442442;a@a.com.br
449449;a@a.com.br
456456;a@a.com.br
457457;a@a.com.br
462462;a@a.com.br
463463;a@a.com.br
470470;a@a.com.br
473473;a@a.com.br
480480;a@a.com.br
486486;a@a.com.br
489489;a@a.com.br
492492;a@a.com.br
496496;a@a.com.br
500500;a@a.com.br
507507;a@a.com.br
513513;a@a.com.br
517517;a@a.com.br
519519;a@a.com.br
525525;a@a.com.br
528528;a@a.com.br
532532;a@a.com.br
537537;a@a.com.br
538538;a@a.com.br
542542;a@a.com.br
546546;a@a.com.br
550550;a@a.com.br
555555;a@a.com.br
559559;a@a.com.br
563563;a@a.com.br
568568;a@a.com.br
571571;a@a.com.br
577577;a@a.com.br
584584;a@a.com.br
589589;a@a.com.br
593593;a@a.com.br
594594;a@a.com.br
599599;a@a.com.br
605605;a@a.com.br
609609;a@a.com.br
611611;a@a.com.br
614614;a@a.com.br
619619;a@a.com.br
625625;a@a.com.br
629629;a@a.com.br
631631;a@a.com.br
636636;a@a.com.br
642642;a@a.com.br
648648;a@a.com.br
649649;a@a.com.br
651651;a@a.com.br
658658;a@a.com.br
663663;a@a.com.br
666666;a@a.com.br
671671;a@a.com.br
677677;a@a.com.br
682682;a@a.com.br
687687;a@a.com.br
691691;a@a.com.br
698698;a@a.com.br
702702;a@a.com.br
709709;a@a.com.br
715715;a@a.com.br
717717;a@a.com.br
723723;a@a.com.br
726726;a@a.com.br
727727;a@a.com.br
732732;a@a.com.br
738738;a@a.com.br
742742;a@a.com.br
746746;a@a.com.br
748748;a@a.com.br
754754;a@a.com.br
756756;a@a.com.br
763763;a@a.com.br
765765;a@a.com.br
772772;a@a.com.br
774774;a@a.com.br
781781;a@a.com.br
787787;a@a.com.br
794794;a@a.com.br
796796;a@a.com.br
802802;a@a.com.br
803803;a@a.com.br
809809;a@a.com.br
810810;a@a.com.br
812812;a@a.com.br
813813;a@a.com.br
816816;a@a.com.br